会社名,都市,セグメント,Webサイト,問い合わせURL,メールアドレス,電話番号,意思決定者,流入元,課題シグナル,優先度,ステータス,最終連絡日,次回フォロー日,メモ,取得元ページ
株式会社ベスト・ハウジング,,,https://www.besthousing.co.jp/,https://www.besthousing.co.jp/#owner | https://www.besthousing.co.jp/company/ | https://www.besthousing.co.jp/contact | https://www.besthousing.co.jp/contact/ | https://www.besthousing.co.jp/land/aritamaminami11/ | https://www.besthousing.co.jp/land/chukai-ishihara/ | https://www.besthousing.co.jp/land/ichino13/ | https://www.besthousing.co.jp/land/izumi23/ | https://www.besthousing.co.jp/land/komastu23/ | https://www.besthousing.co.jp/land/mikatahara22/ | https://www.besthousing.co.jp/land/nakajima8/ | https://www.besthousing.co.jp/land/wago15/ | https://www.besthousing.co.jp/land/wagokita2/ | https://www.besthousing.co.jp/land/wajiyama14/ | https://www.besthousing.co.jp/new-20211123 | https://www.besthousing.co.jp/owner | https://www.besthousing.co.jp/request | https://www.besthousing.co.jp/request/ | https://www.besthousing.co.jp/voice/20260417/ | tel:0534746252,,053-474-6252,,company website,,,未連絡,,,SNS: https://line.me/R/ti/p/%40dqb1965f | https://twitter.com/besthousing | https://www.facebook.com/besthousing.hamamatsu | https://www.instagram.com/besthousing_house/ | https://www.youtube.com/channel/UCYVdTOuwB3Gb8J4y0TlNpeg,https://www.besthousing.co.jp/ | https://www.besthousing.co.jp/land/wagokita2/ | https://www.besthousing.co.jp/land/wajiyama14/
東京・神奈川・千葉の不動産売買・賃貸｜ロイヤルハウジンググループの仲介,,,https://www.royal-h.jp/,https://royalhousing.jp/corporate/profile/ | https://www.royal-h.jp/lend/inquiry/ | https://www.royal-h.jp/lend/inquiry/# | https://www.royal-h.jp/sell/inquiry/ | https://www.royal-h.jp/sell/inquiry/# | https://www.royal-h.jp/soudan/,honsha@royalhousing.co.jp,03-3367-1810 | 03-3367-1811,,company website,,,未連絡,,,,https://www.royal-h.jp/lend/inquiry/ | https://www.royal-h.jp/sell/inquiry/
カムグラン -,,,https://kamuguran.jp/,https://kamuguran.jp/company/aboutus/ | https://kamuguran.jp/contact/ | https://kamuguran.jp/contact/# | https://kamuguran.jp/contact/#body | https://kamuguran.jp/service/aboutus/,aiosl@s-glow.jp,,,company website,,,未連絡,,,,https://kamuguran.jp/ | https://kamuguran.jp/contact/
不動産の仲介・売買｜東急リバブル,,,https://www.livable.co.jp/,https://reinn.jp/?utm_source=tokyu_livable&utm_medium=referral&utm_campaign=footer | https://www.livable.co.jp/baikyaku/inquiry/ | https://www.livable.co.jp/baikyaku/kaitori/ | https://www.livable.co.jp/baikyaku/muryouzeimu/ | https://www.livable.co.jp/biz/inquiry-agency/ | https://www.livable.co.jp/biz/inquiry-sale/ | https://www.livable.co.jp/branch/azabu/#muryouzeimu | https://www.livable.co.jp/cm/ | https://www.livable.co.jp/contact/ | https://www.livable.co.jp/contact/consultation01.html | https://www.livable.co.jp/directmail/inquiry/ | https://www.livable.co.jp/jigyo/satei-inquiry/ | https://www.livable.co.jp/kashitai/inquiry/ | https://www.livable.co.jp/manned-chat/ | https://www.livable.co.jp/soudan/ | https://www.livable.co.jp/toushi/satei-inquiry/,,,,company website,,,未連絡,,,SNS: https://www.facebook.com/TokyuLivableInc?ad=toprec_body&_ebx=gwd89n2622.1719292124.7wudse7 | https://www.instagram.com/tokyu_livable_inc/ | https://www.youtube.com/@tokyulivable,
生和不動産株式会社｜不動産に新たな価値をつくる,,,https://www.seiwa-fudosan.jp/,https://form.k3r.jp/seiwa/muryousoudan | https://seiwa-application.net/support/faq_search/kensaku71.php?key=1 | https://www.seiwa-fudosan.jp | https://www.seiwa-fudosan.jp/company/ | https://www.seiwa-fudosan.jp/news/1133/ | tel:0120-718-414,,0120-718-414 | 03-5577-7551 | 03-6811-0490 | 06-6345-7200,,company website,,,未連絡,,,SNS: https://instagram.com/seiwa_hosho?igshid=NTc4MTIwNjQ2YQ==,https://www.seiwa-fudosan.jp/ | https://www.seiwa-fudosan.jp/company/ | https://www.seiwa-fudosan.jp/news/1133/
ＡＰＡＭＡＮ株式会社 | ＡＰＡＭＡＮグループは、「不動産総合サービス」を通じて社会に貢献してまいります。,,,https://apamanshop-hd.co.jp/,https://apamanshop-hd.co.jp/company/company-profile | https://apamanshop-hd.co.jp/en/inquiry/cojp/ | https://apamanshop-hd.co.jp/inquiry/cojp | https://apamanshop-hd.co.jp/inquiry/cojp/ | https://apamanshop-hd.co.jp/inquiry/cojp/info/toiawase_form.aspmail_kbn=3&site_kbn=2/index.php | https://apamanshop-hd.co.jp/inquiry/cojp/publicity/alliance.asp/index.php | https://apamanshop-hd.co.jp/inquiry/cojp/publicity/entry.asp/index.php | https://apamanshop-hd.co.jp/inquiry/publicity/corporate-management.asp | https://www.apaman-pm.co.jp/contact/ | https://www.apamanshop.com/ | https://www.fcapamanshop.com/inquiry/,as-network@apamanshop.co.jp,,,company website,,,未連絡,,,SNS: https://twitter.com/apamanshop | https://www.facebook.com/apamanshopcom/ | https://www.instagram.com/p/B8GVPDSgGjo/ | https://www.youtube.com/user/TheApamanshopchannel,https://apamanshop-hd.co.jp/inquiry/cojp
港区・中央区の賃貸マンション探し｜アスシア不動産,,,https://asuxia.co.jp/,https://asuxia.co.jp/company/ | https://asuxia.co.jp/contacts/ | https://asuxia.co.jp/contacts/4/ | https://asuxia.co.jp/contacts/6/,info@asuxia.co.jp,,,company website,,,未連絡,,,SNS: https://www.instagram.com/asuxiafudousan/ | https://x.com/asuxia2020/,https://asuxia.co.jp/contacts/4/ | https://asuxia.co.jp/contacts/6/
株式会社アパートナー,,,http://apartner.co.jp/,http://apartner.co.jp/aboutus/ | http://apartner.co.jp/form/ | http://apartner.co.jp/form/buy.htm | http://apartner.co.jp/form/change.htm | http://apartner.co.jp/form/insurance.htm | http://apartner.co.jp/form/management.htm | http://apartner.co.jp/form/sale.htm,,03-3791-1211,,company website,,,未連絡,,,SNS: http://www.facebook.com/sharer.php?u=http://www.apartner.co.jp/&t=株式会社アパートナー,http://apartner.co.jp/ | http://apartner.co.jp/aboutus/ | http://apartner.co.jp/index.php
東京で投資用不動産・不動産投資セミナーをお探しなら【株式会社和不動産】,,,https://nagomi-fudousan.com/,https://nagomi-fudousan.com/company/contact/ | https://nagomi-fudousan.com/company/detail/ | https://nagomi-fudousan.com/muryosoudan/ | https://nagomi-fudousan.com/onlinesoudan/ | https://nagomi-fudousan.com/onlinesoudan/#soudanotoiawase | https://nagomi-fudousan.com/seminar/,chintai@nagomi-fudousan.com | info@nagomi-fudousan.com,0120-003-753 | 03-5256-3011 | 03-5256-3033 | 03-5256-6660,,company website,,,未連絡,,,SNS: https://twitter.com/nagomi2103 | https://www.facebook.com/nagomifudousan | https://www.facebook.com/nagomifudousan/?modal=composer | https://www.facebook.com/nagomifudousan?fref=nf&ref=embed_page | https://www.instagram.com/nagomi_fudousan_tokyo/ | https://www.youtube.com/channel/UCPv2fvsfrK01ULIii8fsy_g | https://www.youtube.com/channel/UCPv2fvsfrK01ULIii8fsy_g/featured | https://x.com/nagomi2103,https://nagomi-fudousan.com/ | https://nagomi-fudousan.com/company/detail/ | https://nagomi-fudousan.com/onlinesoudan/
TonTon Forbes GLOBAL PROPERTIES,,,https://tonton-inc.com/,https://tonton-inc.com/company/outline | https://tonton-inc.com/contact | https://tonton-inc.com/contact#,info@tonton-inc.com,03-3711-8358 | 03-3711-8359,,company website,,,未連絡,,,SNS: https://instagram.com/tonton.inc_?igshid=MzRlODBiNWFlZA== | https://www.facebook.com/tonton.inc,https://tonton-inc.com/ | https://tonton-inc.com/company/outline | https://tonton-inc.com/contact
株式会社AlbaLink（アルバリンク） - 空き家買取のアルバリンク,,,https://albalink.co.jp/,https://albalink.co.jp//contact/ | https://albalink.co.jp//contact/# | https://albalink.co.jp//contact/#top | https://albalink.co.jp/business/ | https://albalink.co.jp/company/profile/ | https://albalink.co.jp/contact/ | https://albalink.co.jp/news/20260501-19152/ | https://albalink.co.jp/soudankai/,info@albalink.co.jp,+81-120-683-422 | 0120-542-956 | 03-6458-8135 | 03-6458-8617 | 03-6458-8618,,company website,,,未連絡,,,SNS: https://www.youtube.com/@albalink_web | https://x.com/AlbaLink2011,https://albalink.co.jp/ | https://albalink.co.jp//contact/ | https://albalink.co.jp/company/profile/
株式会社Lotus Link（ロータスリンク）| コーポレートサイト,,,https://lotus-link.jp/,https://lotus-link.jp/company | https://lotus-link.jp/contact | https://lotus-link.jp/contact#page_top,,0120-445-213,,company website,,,未連絡,,,SNS: https://www.facebook.com/%E3%81%BF%E3%82%93%E3%81%AA%E3%81%AE%E3%81%B8%E3%82%84%E6%A0%AA%E5%BC%8F%E4%BC%9A%E7%A4%BELotusLink-%E3%83%AD%E3%83%BC%E3%82%BF%E3%82%B9%E3%83%AA%E3%83%B3%E3%82%AF-808299539198311/ | https://www.instagram.com/minnanoheyagroup/ | https://www.youtube.com/channel/UCnM81aG_fKm1ZNEYTTck7SQ/featured,https://lotus-link.jp/ | https://lotus-link.jp/company | https://lotus-link.jp/contact
