Webサイト,メモ
https://interliving.jp,軽量クロールではメールまたはSNSを検出できませんでした。問い合わせURLを手動確認してください。
https://tatenosangyou.co.jp,軽量クロールではメールまたはSNSを検出できませんでした。問い合わせURLを手動確認してください。
https://www.j-group-h.com,軽量クロールではメールまたはSNSを検出できませんでした。問い合わせURLを手動確認してください。
http://summit5050.co.jp,軽量クロールではメールまたはSNSを検出できませんでした。問い合わせURLを手動確認してください。
https://www.lead-home.jp,軽量クロールではメールまたはSNSを検出できませんでした。問い合わせURLを手動確認してください。
https://www.aeras-group.jp,軽量クロールではメールまたはSNSを検出できませんでした。問い合わせURLを手動確認してください。
https://uno1.jp,軽量クロールではメールまたはSNSを検出できませんでした。問い合わせURLを手動確認してください。
https://www.asahi-t-t.co.jp,軽量クロールではメールまたはSNSを検出できませんでした。問い合わせURLを手動確認してください。
https://www.spaceplan.jp,軽量クロールではメールまたはSNSを検出できませんでした。問い合わせURLを手動確認してください。
https://p-homes.com,軽量クロールではメールまたはSNSを検出できませんでした。問い合わせURLを手動確認してください。
